,model_name,cv_test_auc,training_mis_rate,test_mis_rate,training_auc,test_auc
0,Logistic Regression,0.6775443112094857,0.1358198451794511,0.4472573839662447,0.8641801548205489,0.5685253431608183
1,Decision Tree,0.7443816398514636,0.2575650950035186,0.2816455696202531,0.7424349049964813,0.7951249799711586
2,Random Forest,0.5,0.5,0.5,0.5,0.5
3,Gradiant Boosting,0.8051550974987558,0.0021111893033075,0.2510548523206751,0.9978888106966924,0.8423863697057097
4,BART,0.7381497405485545,0.2072484166080225,0.2383966244725738,0.7927515833919774,0.8544081254784668
5,SVM,0.5958545392692204,0.0021111893033075,0.4852320675105485,0.9978888106966926,0.3812823799604764
