model_name,cv_test_auc,training_mis_rate,test_mis_rate,training_auc,test_auc
Logistic Regression,0.6775443112094857,0.1717100633356791,0.22468354430379747,0.8282899366643209,0.8298572166141465
Decision Tree,0.7443816398514636,0.25756509500351865,0.28164556962025317,0.7424349049964813,0.7951249799711586
Random Forest,0.5,0.5,0.5,0.5,0.5
Gradiant Boosting,0.8051550974987558,0.00211118930330753,0.2510548523206751,0.9978888106966924,0.8423863697057097
BART,0.7381497405485545,0.2072484166080225,0.23839662447257384,0.7927515833919774,0.8544081254784668
SVM,0.5958545392692204,0.00211118930330753,0.48523206751054854,0.9978888106966926,0.3812823799604764
