,model_name,cv_test_auc,training_mis_rate,test_mis_rate,training_auc,test_auc
0,Logistic Regression,0.8274588914758629,0.21674876847290642,0.2911392405063291,0.7832512315270936,0.8134602716801083
1,Decision Tree,0.7697446856826653,0.245249824067558,0.3090717299578059,0.7547501759324419,0.7406153750289306
2,Random Forest,0.87930523914428,0.0,0.2109704641350211,1.0,0.8714526696220335
3,Gradiant Boosting,0.8862641671626001,0.0,0.2046413502109704,1.0,0.871797610781748
4,BART,0.7494057326414627,0.2206192821956368,0.2721518987341772,0.779380717804363,0.8234435364702951
5,SVM,0.8112458350299474,0.0844475721323012,0.2563291139240506,0.9155524278676987,0.8163444248606883
