,model_name,cv_test_auc,training_mis_rate,test_mis_rate,training_auc,test_auc
0,Logistic Regression,0.6690576109484012,0.18551551908669284,0.5165775401069519,0.8145291290312726,0.48439387560859537
1,Decision Tree,0.7579555133558956,0.2440242597217267,0.2962566844919786,0.7561455585991996,0.772188563897939
2,Random Forest,0.8623688228047761,0.0007135212272565,0.2064171122994652,0.9992932862190812,0.8618968957059706
3,Gradiant Boosting,0.795232260824245,0.0007135212272565,0.2855614973262032,0.9992864125619902,0.8233243035472415
4,BART,0.7517467419591646,0.1937210132001427,0.2385026737967914,0.8060926059816091,0.8387451037815279
5,SVM,0.6058068064816939,0.4951837317160185,0.495187165775401,0.5,0.5
