model_name,cv_auc,test_mis_rate,test_auc
Decision Tree,0.7697446856826653,0.3090717299578059,0.7406153750289306
Random Forest,0.87930523914428,0.2109704641350211,0.8714526696220335
Gradiant Boosting,0.8862641671626001,0.20464135021097046,0.871797610781748
BART,0.7494057326414627,0.2721518987341772,0.8234435364702951
Logistic Regression,0.8274588914758629,0.3090717299578059,0.7406153750289306
SVM,0.8112458350299474,0.2563291139240506,0.8163444248606883
