model_name,cv_test_auc,training_mis_rate,test_mis_rate,training_auc,test_auc
Logistic Regression,0.8274588914758629,0.21569317382125264,0.27848101265822783,0.7843068261787474,0.8132421798500952
Decision Tree,0.7697446856826653,0.24524982406755805,0.3090717299578059,0.7547501759324419,0.7406153750289306
Random Forest,0.87930523914428,0.0,0.2109704641350211,1.0,0.8714526696220335
Gradiant Boosting,0.8862641671626001,0.0,0.20464135021097046,1.0,0.871797610781748
BART,0.7494057326414627,0.22061928219563687,0.2721518987341772,0.779380717804363,0.8234435364702951
SVM,0.8112458350299474,0.0844475721323012,0.2563291139240506,0.9155524278676989,0.8163444248606883
