model_name,cv_test_auc,training_mis_rate,test_mis_rate,training_auc,test_auc
Logistic Regression,0.6618198967378891,0.16054227613271496,0.26524064171122996,0.8394634474190691,0.8025451184244243
Decision Tree,0.7537124728659115,0.2515162326079201,0.31336898395721924,0.747927719676989,0.7693926858732657
Random Forest,0.8612945923446468,0.0010702818408847663,0.20320855614973263,0.9989399293286219,0.8650657099974375
Gradiant Boosting,0.8010583278857899,0.0010702818408847663,0.30053475935828877,0.9989330556715309,0.806123476223597
BART,0.748538450815039,0.19586157688191225,0.2374331550802139,0.8038968544108513,0.8377521323717831
SVM,0.6057053302899899,0.49518373171601854,0.49518716577540106,0.5,0.5
