model_name,cv_auc,test_mis_rate,test_auc
Logistic Regression,0.6615311227917985,0.47468354430379744,0.49874338624338616
Decision Tree,0.6238633196348261,0.36075949367088606,0.6362433862433862
Random Forest,0.7273289228860407,0.3059071729957806,0.6847316704459562
Gradiant Boosting,0.7190674197134412,0.32489451476793246,0.6825018896447468
BART,0.6034491707427514,0.33122362869198313,0.6695389266817839
Decision Tree,0.5,0.379746835443038,0.5
