model_name,cv_test_auc,training_mis_rate,test_mis_rate,training_auc,test_auc
Logistic Regression,0.8014427814726262,0.23117522871217452,0.26054852320675104,0.7688247712878254,0.8086711531271699
Decision Tree,0.7573582544190272,0.23680506685432795,0.310126582278481,0.763194933145672,0.7297219106624651
Random Forest,0.8014569799573324,0.06087262491203378,0.2626582278481013,0.9391273750879662,0.8170098274849116
Gradiant Boosting,0.7842161869164083,0.0,0.2679324894514768,1.0,0.8020883405437162
BART,0.7340511489992587,0.23926812104152007,0.27109704641350213,0.7607318789584799,0.8084041019067458
SVM,0.7581239015511403,0.25193525686136525,0.290084388185654,0.7480647431386348,0.7538944969645179
