,model_name,cv_test_auc,training_mis_rate,test_mis_rate,training_auc,test_auc
0,Logistic Regression,0.7334388472116055,0.24069478908188585,0.4622741764080765,0.7591772263243345,0.5380362111958368
1,Decision Tree,0.7330745277939573,0.2559376107763204,0.3517534537725824,0.7440032370104901,0.7203344656860975
2,Random Forest,0.7576563575924286,0.108472172988302,0.3049946865037194,0.8912847011043031,0.7331886270825052
3,Gradiant Boosting,0.6748149493839286,0.0460829493087557,0.3942614240170032,0.9538781295708952,0.6225177080698204
4,BART,0.727161888041133,0.2541651896490606,0.2890541976620616,0.7456026418830959,0.7633239673304181
5,SVM,0.7323533162224443,0.434952144629564,0.4431455897980871,0.5637552840175121,0.7009007625311698
