model_name,cv_test_auc,training_mis_rate,test_mis_rate,training_auc,test_auc
Logistic Regression,0.7313516407180651,0.20241049273307338,0.3177470775770457,0.7974392934872756,0.7280591594087674
Decision Tree,0.7363860315000531,0.260900389932648,0.34537725823591925,0.7392281438961743,0.7409291315818004
Random Forest,0.7570414322347351,0.11662531017369727,0.30818278427205104,0.8831032073546486,0.7354134292219291
Gradiant Boosting,0.6637843050536341,0.05671747607231478,0.3485653560042508,0.9432299232466612,0.6242998084637346
BART,0.7269330189767125,0.23998582063098192,0.2858660998937301,0.7598092978602555,0.7645594665895703
SVM,0.7323524975110908,0.434952144629564,0.44314558979808716,0.5637552840175121,0.7005393733511618
