model_name,cv_test_auc,training_mis_rate,test_mis_rate,training_auc,test_auc
Logistic Regression,0.7101522854696749,0.2107670654468684,0.3069620253164557,0.7892329345531317,0.7336831704320887
Decision Tree,0.7278949752381351,0.24595355383532724,0.28375527426160335,0.7540464461646728,0.7386080400220763
Random Forest,0.7106448630005882,0.5,0.5,0.5,0.5
Gradiant Boosting,0.6625056814820229,0.06052076002814919,0.3333333333333333,0.9394792399718509,0.6526153216186865
BART,0.7255428712626637,0.24489795918367346,0.28270042194092826,0.7551020408163265,0.7940456479552779
SVM,0.7001757405067918,0.4996481351161154,0.4989451476793249,0.5003518648838846,0.29104799800601755
