,model_name,cv_test_auc,training_mis_rate,test_mis_rate,training_auc,test_auc
0,Logistic Regression,0.7101522854696749,0.2733990147783251,0.3871308016877637,0.7266009852216748,0.6128691983122363
1,Decision Tree,0.7278949752381351,0.2459535538353272,0.2837552742616033,0.7540464461646728,0.7386080400220763
2,Random Forest,0.7106448630005882,0.5,0.5,0.5,0.5
3,Gradiant Boosting,0.6625056814820229,0.0605207600281491,0.3333333333333333,0.9394792399718508,0.6526153216186865
4,BART,0.7255428712626637,0.2448979591836734,0.2827004219409282,0.7551020408163265,0.7940456479552779
5,SVM,0.7001757405067918,0.4996481351161154,0.4989451476793249,0.5003518648838846,0.2910479980060175
