,model_name,cv_test_auc,training_mis_rate,test_mis_rate,training_auc,test_auc
0,Logistic Regression,0.8014427814726262,0.23293455313159747,0.27109704641350213,0.7670654468684026,0.8062810447043743
1,Decision Tree,0.7573582544190272,0.2368050668543279,0.310126582278481,0.763194933145672,0.7297219106624651
2,Random Forest,0.8014569799573324,0.0608726249120337,0.2626582278481013,0.9391273750879662,0.8170098274849116
3,Gradiant Boosting,0.7842161869164083,0.0,0.2679324894514768,1.0,0.8020883405437162
4,BART,0.7340511489992587,0.23926812104152,0.2710970464135021,0.7607318789584799,0.8084041019067458
5,SVM,0.7581239015511403,0.2519352568613652,0.290084388185654,0.7480647431386348,0.7538944969645179
