,model_name,cv_test_auc,training_mis_rate,test_mis_rate,training_auc,test_auc
0,Logistic Regression,0.6686718170960178,0.25404644616467276,0.35232067510548526,0.706619668500844,0.6607142857142857
1,Decision Tree,0.6267801288044569,0.1787473610133708,0.3544303797468354,0.7755602520976563,0.5974206349206349
2,Random Forest,0.7336932047631035,0.0021111893033075,0.2721518987341772,0.9972118959107809,0.7573129251700681
3,Gradiant Boosting,0.7258443869521376,0.0021111893033075,0.2784810126582278,0.9972118959107809,0.749546485260771
4,BART,0.5991143675788456,0.2969739619985925,0.2995780590717299,0.6306830381388221,0.7152683295540438
5,SVM,0.6911563459964413,0.2237860661505981,0.3185654008438818,0.7146282317378656,0.6787887377173091
