model_name,cv_test_auc,training_mis_rate,test_mis_rate,training_auc,test_auc
Logistic Regression,0.5459349160573651,0.1660802251935257,0.36075949367088606,0.8162545731643139,0.643291761148904
Decision Tree,0.6052841221875194,0.25404644616467276,0.37130801687763715,0.6888269544093935,0.6160808767951624
Random Forest,0.5,0.378606615059817,0.379746835443038,0.5,0.5
Gradiant Boosting,0.6623248238007795,0.0028149190710767065,0.31223628691983124,0.9970087611092633,0.6868102796674225
BART,0.5964601877052377,0.28149190710767064,0.3438818565400844,0.6420512194403163,0.6816515495086924
SVM,0.5744808652575529,0.0028149190710767065,0.37341772151898733,0.9962825278810409,0.5664682539682538
