model_name,cv_test_auc,training_mis_rate,test_mis_rate,training_auc,test_auc
Logistic Regression,0.6686718170960178,0.258972554539057,0.3459915611814346,0.699024742450332,0.6649281934996221
Decision Tree,0.6267801288044569,0.17874736101337085,0.35443037974683544,0.7755602520976563,0.5974206349206349
Random Forest,0.7336932047631035,0.00211118930330753,0.2721518987341772,0.9972118959107807,0.7573129251700681
Gradiant Boosting,0.7258443869521376,0.00211118930330753,0.27848101265822783,0.9972118959107807,0.749546485260771
BART,0.5991143675788456,0.29697396199859255,0.29957805907172996,0.6306830381388221,0.7152683295540438
SVM,0.6911563459964413,0.22378606615059818,0.31856540084388185,0.7146282317378656,0.6787887377173091
