,model_name,cv_test_auc,training_mis_rate,test_mis_rate,training_auc,test_auc
0,Logistic Regression,0.5459349160573651,0.1470795214637579,0.5295358649789029,0.8427999764237328,0.4708049886621315
1,Decision Tree,0.6052841221875194,0.2540464461646727,0.3713080168776371,0.6888269544093935,0.6160808767951624
2,Random Forest,0.5,0.378606615059817,0.379746835443038,0.5,0.5
3,Gradiant Boosting,0.6623248238007795,0.0028149190710767,0.3122362869198312,0.9970087611092632,0.6868102796674225
4,BART,0.5964601877052377,0.2814919071076706,0.3438818565400844,0.6420512194403163,0.6816515495086924
5,SVM,0.5744808652575529,0.0028149190710767,0.3734177215189873,0.9962825278810408,0.5664682539682538
