,model_name,cv_test_auc,training_mis_rate,test_mis_rate,training_auc,test_auc
0,Logistic Regression,0.48989592183517416,0.17597173144876324,0.5296610169491526,0.8134558198810535,0.4917067950775815
1,Decision Tree,0.6359186491079015,0.2784452296819788,0.3686440677966102,0.6625531011045029,0.6092066039899106
2,Random Forest,0.7036629141886153,0.0028268551236749,0.2817796610169492,0.9962616822429908,0.7198272567453949
3,Gradiant Boosting,0.6621346644010195,0.0028268551236749,0.3665254237288136,0.9966280798640612,0.6704884200871359
4,BART,0.6016535683942226,0.269964664310954,0.3305084745762712,0.6598449447748513,0.6775968814492088
5,SVM,0.5495921835174172,0.3653710247349823,0.3834745762711864,0.5193872132540357,0.5818428494993504
