model_name,cv_test_auc,training_mis_rate,test_mis_rate,training_auc,test_auc
Logistic Regression,0.8080064506137391,0.07881773399014778,0.16455696202531644,0.9211822660098522,0.9072976196834553
Decision Tree,0.8153781465665751,0.18543279380717803,0.21518987341772153,0.8145672061928221,0.8389458598159126
Random Forest,0.5688393872003953,0.5,0.5,0.5,0.5
Gradiant Boosting,0.8637806225790622,0.0,0.20464135021097046,1.0,0.8904711673699016
BART,0.8549557697059549,0.09676284306826179,0.13291139240506328,0.9032371569317382,0.9397398921113069
SVM,0.6456515537504741,0.0,0.47362869198312235,1.0,0.6674411152058966
