model_name,cv_test_auc,training_mis_rate,test_mis_rate,training_auc,test_auc
Logistic Regression,0.6258861294978351,0.08112874779541446,0.16701902748414377,0.9188523366346488,0.9102660373310447
Decision Tree,0.8107288607972924,0.19294532627865962,0.22938689217758984,0.8068941920071666,0.8363436851891584
Random Forest,0.9338413875479022,0.0,0.12367864693446089,1.0,0.9429910426947007
Gradiant Boosting,0.8688635345642761,0.0,0.24101479915433405,1.0,0.8617741185725524
BART,0.8466684915144579,0.11499118165784833,0.14904862579281183,0.8849897974418952,0.9286142101122792
SVM,0.555865973224506,0.0,0.48308668076109934,1.0,0.5641537938925839
