model_name,cv_auc,test_mis_rate,test_auc
Logistic Regression,0.9069179239012031,0.16877637130801687,0.915117769588207
Decision Tree,0.8476379442953744,0.21729957805907174,0.8388991258523384
Random Forest,0.9445891131319669,0.12974683544303797,0.9410684719329168
Gradiant Boosting,0.9519686048089874,0.1308016877637131,0.9425439299257597
BART,0.8571373857178157,0.14451476793248946,0.930295180615642
SVM,0.8921716207797812,0.15822784810126583,0.9085727892609803
