,model_name,cv_test_auc,training_mis_rate,test_mis_rate,training_auc,test_auc
0,Logistic Regression,0.7307997810182651,0.07160493827160494,0.5126849894291755,0.9284054148210819,0.4871048773510691
1,Decision Tree,0.8182205245607923,0.1770723104056437,0.2177589852008456,0.8227840541482108,0.8379796002288494
2,Random Forest,0.93290300104514,0.0,0.1152219873150105,1.0,0.9420322892083244
3,Gradiant Boosting,0.868128701537849,0.0,0.2135306553911205,1.0,0.8893678931559752
4,BART,0.8470877917682774,0.1079365079365079,0.1395348837209302,0.8920668889663067,0.9284175427304584
5,SVM,0.5397389638182452,0.0,0.4841437632135306,1.0,0.5446055031109203
