,model_name,cv_test_auc,training_mis_rate,test_mis_rate,training_auc,test_auc
0,Logistic Regression,0.9069179239012031,0.13687543983110487,0.16877637130801687,0.863124560168895,0.9016272321031175
1,Decision Tree,0.8476379442953744,0.1671358198451794,0.2172995780590717,0.8328641801548206,0.8388991258523384
2,Random Forest,0.9445891131319668,0.0,0.1297468354430379,1.0,0.9410684719329168
3,Gradiant Boosting,0.9519686048089874,0.0,0.1308016877637131,1.0,0.9425439299257596
4,BART,0.8571373857178157,0.1143560872624912,0.1445147679324894,0.8856439127375089,0.930295180615642
5,SVM,0.8921716207797812,0.053835327234342,0.1582278481012658,0.946164672765658,0.9085727892609804
