,model_name,cv_test_auc,training_mis_rate,test_mis_rate,training_auc,test_auc
0,Logistic Regression,0.8080064506137391,0.06298381421534131,0.4166666666666667,0.9370161857846587,0.5833333333333333
1,Decision Tree,0.8153781465665751,0.185432793807178,0.2151898734177215,0.8145672061928221,0.8389458598159126
2,Random Forest,0.5688393872003953,0.5,0.5,0.5,0.5
3,Gradiant Boosting,0.8637806225790622,0.0,0.2046413502109704,1.0,0.8904711673699016
4,BART,0.8549557697059549,0.0967628430682617,0.1329113924050632,0.9032371569317382,0.9397398921113068
5,SVM,0.6456515537504741,0.0,0.4736286919831223,1.0,0.6674411152058966
