model_name,cv_test_auc,training_mis_rate,test_mis_rate,training_auc,test_auc
Logistic Regression,0.5212030883575711,0.3771991555242787,0.379746835443038,0.5022218526735908,0.5229591836734694
Decision Tree,0.6181730537772964,0.24349049964813513,0.3333333333333333,0.6896952767474855,0.6431878306878307
Random Forest,0.7056919161696341,0.003518648838845883,0.2890295358649789,0.9960793930795236,0.7078703703703704
Gradiant Boosting,0.502220817526338,0.378606615059817,0.379746835443038,0.5,0.655631141345427
BART,0.59681499375187,0.2976776917663617,0.33544303797468356,0.6283012036526374,0.6391723356009069
SVM,0.5304701027225811,0.003518648838845883,0.37341772151898733,0.9957162764654122,0.5177815570672714
