model_name,cv_test_auc,training_mis_rate,test_mis_rate,training_auc,test_auc
Logistic Regression,0.6205056172390608,0.1470795214637579,0.36075949367088606,0.8348114109132857,0.6533635676492819
Decision Tree,0.5988004029372701,0.09781843771991555,0.35443037974683544,0.895146657011624,0.638737717309146
Random Forest,0.5,0.378606615059817,0.379746835443038,0.5,0.5
Gradiant Boosting,0.6528464075386101,0.0028149190710767065,0.3459915611814346,0.9962825278810409,0.6696712018140589
BART,0.5970942388935023,0.26952850105559467,0.33122362869198313,0.6749169568091207,0.6552154195011338
SVM,0.5505880493980942,0.3771991555242787,0.379746835443038,0.5018587360594795,0.44417989417989423
